3fe4be4cbd2feccad4fcd0a56eca9b835a9f07aefca7cf5a127b5bc93adbc7b9	11	./.env.example
da2c0e0c89575599326200cce9b17cc88d0a6cc8d7009785baa5b58e0cfd627e	26	./.gitignore
b4d344818a1e1bf43997e4744a9153c8eef770c98b58229cd86363dabb85ded4	8	./.oxlintrc.json
0b43d021ca7b59c3ef3cee4672c498e6f39f4055bd1b1fce8ec19cef08bb9684	51	./README.md
825115ae1a01f90946cb7a9e3ce8e12f990e5412c3b5916841a6a8307dd67932	157	./docs/Crosery-API-Console-管理员使用说明.docx
cbaebd60a21b9086e731bfb072107af47e3f8cef412c28f53764a9ea9cc2f60a	16	./index.html
1e4a3bfe663571ec30f9e97b57562eabc115a445a093a881deed500eb82f11f6	3557	./package-lock.json
2708e6aee9e0fe8061cb84dd5f4153e400f5c880e37b9714e896a41b8ed5a2c4	38	./package.json
d5201d41a17c8db9bcb0e195ea6470a861b5c847686404051ea85de7a6c6d9cd	100	./public/apple-touch-icon.png
32e68e88905956041287bf17a465f1575734e45778c5fa9f7c18edff5e893589	3614	./public/console-icon-source.png
828ea816e4cd582ad293a5384d8aff2c124e8fae128eb8ec33e04fb2048648a2	0	./public/favicon.ico
61bc9a161de58248288e6905425d7180f0624c2865007b97d763fdac12043a66	0	./public/favicon.svg
0a4cf1cb0d81e0e99ab1f8ceb157814bc42a32506f551ec27fa5c1f5749793ef	96	./public/icon-192.png
781447e15db3e72d33a67eb03d3e075544723d0020aae2d7b844de65ec588022	815	./public/icon-512.png
b45fa506195cfcdef406ba9f0c77b36ddc1a7c224040926ec70abc2fdea7b93a	24	./public/icons.svg
cc52c9f602fb2f1d1cb2225c5c91f2ac1977f5c42378e967db85ccc27888dc81	12	./server/auth.test.ts
3f7f0a2a00cc1319c3e862c98b58f6b1567ba44078cabcda65cbc7eadee3ce90	52	./server/auth.ts
4ef1491a2ae7042f30745d15556c3d39b039ae7834d9a659de6ed1529a69dd6e	25	./server/config.ts
f9ebc7901b867b9f5579de5ba2be24bcd09f9b3b37ae264213fe8991bc038c7a	117	./server/cpa.ts
4c57f9d3efb61f7a37392ec72ede6472caad993ea2b586946655ffca6f7e405b	95	./server/db.ts
7bfd6e01f23425eeb7ce3e7317e1e9526dcd9ec5ea44fdf4f9dca03bb9b68f90	194	./server/index.ts
1046f67a8bdfdf93469ec869dc2f35e1ff4f7396f3461a350e416530b6ec1fc7	25	./server/keyNaming.test.ts
7eb9f2dd464f4c951b804aed12a5537971ca5d988e3932cd0548b2f7ce0cd39f	35	./server/keyNaming.ts
9b9e12beb8dc0ecdebd82a98e6dc5db537308550de101a1abc7f0b18712b904e	14	./server/keySecrets.test.ts
cce4bdd8eff3c316dfa93fcdf9a615052fea19b59dd4e6ba79a144172e8272c7	17	./server/keySecrets.ts
2f0e7562dc0f18640d0b9efc607f6584daa87b379c919a1524929c6ab5edc14b	21	./server/policy.test.ts
ae1d1dc5bebe3f4453aab4e887a63672911cec9451f390ed7339fa495bb8b4af	21	./server/policy.ts
b6ca94dce291f2c12750ae0d2f5a847093597deccabae14782b796462ee34e2e	105	./server/sync.ts
bdd784cfc8d61f4605a099c0eccd43ee54c727389324f154ad9f6c051fae9b73	29	./server/usageDetails.test.ts
70dc6343fdd9fcb07f005376b42e3a100986287d05fe88c440ec9c576c3ef2ed	18	./server/usageDetails.ts
5c3998852073ff9c277cec641d1a02dd0217aba7f42248fcd27eec0c1a8e5a3a	1	./src/App.css
c722dc1444b459e2ae1891b6393b7fa698eea9f8327f34d0386895ff9ab9147f	65	./src/App.tsx
0976fd15133cb196f31891117d1f31487760ca0a4b96ff67193ef7735ea39f04	24	./src/api.ts
881ffbcaafc212e49addad08846a5b82761355fa20624253af3477ba33262c5c	52	./src/assets/hero.png
35ef61ed53b323ae94a16a8ec659b3d0af3880698791133f23b084085ab1c2e5	0	./src/assets/react.svg
5be21acd42eb7b896e517f4e0f0f11eb5c5d9e54fbbcebe9453f033008fcca6f	1	./src/assets/vite.svg
96fea9b5a91baaa0dc5c94ac8a39113e86fdb2b6b9a4c6b3e8e2bb61ffa0f428	14	./src/components/Modal.tsx
de5b4586365b555817fd24fc9a058e2c30f2100a76e273276f8e92eb704aa4cb	29	./src/components/RequestDetail.tsx
c403234d9930bbab0f821bd9137c2e6868f1602b97b94c80b6507c63f62e714c	27	./src/components/Select.tsx
0784cc0387cb5f39fc7cca1e0d70e8e6c003b0084e5d53c1466f1fb31c39f5ed	33	./src/index.css
e78c7b164890ce6cff3c6f34dc5ca253a6fcd31df66b2d1b9f7ec666c7a7c4a8	11	./src/main.tsx
6b6ce5a400742d48d633f7a489ebd0483a17aec28302ca5204a45d9ea06b56ff	30	./src/pages/AnalyticsPage.tsx
cbf48238bc3e2113ad3a0a131f85e568134b638da1cf7e361aed761afc3f5e5d	38	./src/pages/DashboardPage.tsx
8ae053c29f0635d01f402a062a9d13f8fc786e949cd086236f66dfb911f9b7c3	87	./src/pages/KeysPage.tsx
8286c8e036676eb312b95fdb01662bf6f8a286f31de282e933a95673e9bd76ba	37	./src/pages/LoginPage.tsx
276225da54e50328368a00c6217eb5a166db73efff8e22b917805e3ea97c755b	33	./src/pages/MonitorPage.tsx
1af85099999e2e7ea7946f4d905a12cc0ad39e04100dcadae63b9db3d7bc05a6	1	./src/request-details.css
5f75597e6b78756ec70e3ea654af5ef26c8601d390bdd958e5f2a3de04448a63	54	./src/types.ts
8e5d12ba330e7d86409edec74b95451e0db22ee09b9426c94b5bf817571eddb0	26	./tsconfig.app.json
770b4140bbb581e2dfd9ea9946ffc9c75a1d86ba7d2db5f77c83e37cbdf9d808	7	./tsconfig.json
d366cc0827139db39c61815f22491bbfda56c654354a42ad7795143d314e45e8	23	./tsconfig.node.json
4d36db3522a7b2dd10e0936e1004373c7ee65f10f7cd7920cd76410459c15a45	7	./vite.config.ts
