path	mutable_sha256	prod_sha256	mutable_equals_662a504	status
.env.example	-	01b54bc765cb95774686c870752b782070cf10672f877bed64ee060aff31eae2	no	MISSING-IN-MUTABLE
.gitignore	da2c0e0c89575599326200cce9b17cc88d0a6cc8d7009785baa5b58e0cfd627e	4f82f9b1ddee740309f14d29f88ea035bea11766b8c9cff3a738acf268bf887c	yes	STALE-VS-RELEASE
.oxlintrc.json	b4d344818a1e1bf43997e4744a9153c8eef770c98b58229cd86363dabb85ded4	b4d344818a1e1bf43997e4744a9153c8eef770c98b58229cd86363dabb85ded4	yes	identical
LICENSE	-	029e26db7aad8db1b0d5e9d66ce7737859441210fff21773c5b7526bce3c786b	yes	MISSING-IN-MUTABLE
MANIFEST.sha256	-	138c888a97c6fda9f638b24df58c0b9d9dff0c568c88a9d121e4a8b508008204	yes	MISSING-IN-MUTABLE
README.md	6a3d2558644804592c8e3441e015fc63af58efeed045935dd289e0ca9d157186	eb6307713ac7322df6fb2529e33c5a12eeaee520117c6d452c88c43a6a2ee873	no	STALE-VS-RELEASE
RELEASE.json	-	8b49a789b224a4d678706c7893f09b4593ce95e663dff1e96aba5f2b47bde3d1	yes	MISSING-IN-MUTABLE
build/packages/contracts/index.js	-	dcb2bdc3df76fa6eb3463637e7faff48eca535f2be263883dfa9b479c7b04b3a	yes	MISSING-IN-MUTABLE
build/packages/contracts/index.js.map	-	7cdbf073979f174239b38fe5cd96f735089a9e2d1656954695684740a7e831ce	yes	MISSING-IN-MUTABLE
deploy/data-plane/BACKUP-RESTORE.md	-	e48908dde9f40690620d009a2d049b1be2bb4c2e7ea591115895ac6f5e6d54ce	yes	MISSING-IN-MUTABLE
deploy/data-plane/Dockerfile.data	-	576d79251dc081e34136706914cb0dc49669ceda9abbf3b4f6a66852d6274d2f	yes	MISSING-IN-MUTABLE
deploy/data-plane/Dockerfile.data.dockerignore	-	1dea0359f33f190e7b123bc4e2fa4656884ea834680cbe46363fbb9272d5c40f	yes	MISSING-IN-MUTABLE
deploy/data-plane/README.md	-	0f6d1971f32c6ba2145c1b5fe075901eea1a233dd14308a6f20a0a9531d6fc13	yes	MISSING-IN-MUTABLE
deploy/data-plane/compose.yaml	-	4bcc3003216dd4b2f78eb7fda922b68370589ffd237d43da623af0f87859e4c8	yes	MISSING-IN-MUTABLE
deploy/data-plane/cron.example	-	e7cfa2be763e22288e91418ba134ccabc9c173173c26acbe04d2e580a27a2648	yes	MISSING-IN-MUTABLE
deploy/data-plane/data-plane.env.example	-	c4446e380cb127032cf40655f39df0a2a8dd52be6028eb9323b37cd355626ee8	yes	MISSING-IN-MUTABLE
deploy/data-plane/initdb/10-runtime-roles.sh	-	45e364bdd91000f4dc6aca48f950efd2f82b3f102d0d07765d8fab5a780d88d3	yes	MISSING-IN-MUTABLE
deploy/data-plane/scripts/archive-wal.sh	-	589882e21e3748fa20e382bf375add32aea45679e306ffeb143dd626adc75f66	yes	MISSING-IN-MUTABLE
deploy/data-plane/scripts/backup.sh	-	740793a5635dbe0b78f15d91de797ec01f013249d94bce4b284c7c4400af531b	yes	MISSING-IN-MUTABLE
deploy/data-plane/scripts/postgres-entrypoint.sh	-	70e790d888ab63264d3a8c36509c26d9c49d5ca13170192c73e433bac6471163	yes	MISSING-IN-MUTABLE
deploy/data-plane/scripts/wal-sync.sh	-	1ec2ea7d6483ae1a3c6b71f74fe7932882046302fee24ea1e66edd4761577a54	yes	MISSING-IN-MUTABLE
deploy/data-plane/scripts/webdav-base-job.sh	-	84d6005fefa0e22948f5651687abcadbf501cf53145646e8f5b9aa2d44387fb8	yes	MISSING-IN-MUTABLE
deploy/data-plane/scripts/webdav-base-upload.mjs	-	203f57de73bcb5c6ef024505d7506f78cdb2dac3c9a4834b49e83bfdcd86ca7b	yes	MISSING-IN-MUTABLE
deploy/data-plane/scripts/webdav-restore-download.mjs	-	fc6caad0374da6432adcc60023197dfc92d8e5bbe363ce55b746517e5aefb27a	yes	MISSING-IN-MUTABLE
deploy/data-plane/scripts/webdav-wal-job.sh	-	c77e0cd7830256ee1411a0c2013eacc08f19c1313610bf1c6d9b5adb3b0f3819	yes	MISSING-IN-MUTABLE
deploy/data-plane/scripts/webdav-wal-upload.mjs	-	559e678d6dbc71705862f25ac4b25d5d1e8c8c9677acae039c8fbaa00d54e5c4	yes	MISSING-IN-MUTABLE
deploy/data-plane/scripts/with-file-secrets.sh	-	2474fd2c634b369913bd45b6e9646a776888dbd316bed84f8ebc6bd445383288	yes	MISSING-IN-MUTABLE
deploy/data-plane/systemd/crosery-cpe-backup.service	-	e8af723e4f91e302333498b183c4a087d2fe1feb512ce89def73c76b20b6ec7e	yes	MISSING-IN-MUTABLE
deploy/data-plane/systemd/crosery-cpe-backup.timer	-	2ee3136f376cc01d9773b86e77c027a4c7fd935720ec33a577398f8a0f5cdadc	yes	MISSING-IN-MUTABLE
deploy/data-plane/systemd/crosery-cpe-data.service	-	811c71acf9eefb89c8058f7ad68c6b30e486f4736f027268064470ab0c8ec995	yes	MISSING-IN-MUTABLE
deploy/data-plane/systemd/crosery-cpe-wal-sync.service	-	44a9a5daf2e816c665e4319ac194bf641c6e44f46377b6cbfc571fa41ecacc39	yes	MISSING-IN-MUTABLE
deploy/data-plane/systemd/crosery-cpe-wal-sync.timer	-	83b054e95624e3f4ab83079e042e399b9a7b06ab7fcf576d34985c30dc5b8966	yes	MISSING-IN-MUTABLE
deploy/data-plane/tailscale-grants.example.hujson	-	66133ce8f61486027179979c5f5ba2646a8dcecba69037d58c19ddafed46a828	yes	MISSING-IN-MUTABLE
deploy/data-plane/tests/data-secrets.test.sh	-	e737a5926f44bedca8e43c1fee6a771a62cdc7d2f9733efa82cb32c4fd594891	yes	MISSING-IN-MUTABLE
deploy/data-plane/tests/postgres-secrets.test.sh	-	0b14610cf35a7461e93fc3de5da105282d3688d9cfec9eafc881734f9d62ce46	yes	MISSING-IN-MUTABLE
deploy/data-plane/tests/wal-archive.test.sh	-	46b4789a0fed6c91d92c583c5582a9265e7da3ce6e651d997274fb3fb58c05e0	yes	MISSING-IN-MUTABLE
deploy/edge/README.md	-	f0781bed0d5b69557ff9a81ef93c13dfff3f013d186e392e71320c22213174e0	yes	MISSING-IN-MUTABLE
deploy/edge/systemd/crosery-api-console.service	-	04676d679f32ce864cead2bd7b0a88288f0ee1de02693f7fc98d0aed4d113277	yes	MISSING-IN-MUTABLE
deploy/nginx/ai-crsery-location-snippet.conf	1e06a90ee1c53a0e4321ccdbc62d7184b300680768bbd5126a019b86d2aed2de	1e06a90ee1c53a0e4321ccdbc62d7184b300680768bbd5126a019b86d2aed2de	n/a	identical
deploy/nginx/console-compression.conf	-	17e71f27b385d4bf47f6c1bdb87038e1e00e116f9c0350989f5c64aef282f558	yes	MISSING-IN-MUTABLE
deploy/nginx/crosery-console-unlimited.conf	dcf9082308616905f7f1a9193abb6bc3c9574833c83bc8749c23512ff2025153	dcf9082308616905f7f1a9193abb6bc3c9574833c83bc8749c23512ff2025153	n/a	identical
deploy/nginx/ibuki-perip-limit.conf	2e89b19c745018a763e42e47a14df14fd0495833f91f6cbd44f8ddd708cee8f6	2e89b19c745018a763e42e47a14df14fd0495833f91f6cbd44f8ddd708cee8f6	n/a	identical
deploy/systemd/crosery-console-backfill-cost.service	-	ba6c2aaa58f18c689ff04b9d5812e844223d6dd06f0b5667183fc9d16dedf796	yes	MISSING-IN-MUTABLE
deploy/systemd/crosery-console-backfill-cost.timer	-	cc618efb662a4f570fcd394a17ed3eafb0efc08c10fc51c62dc18f9fe495e0e7	yes	MISSING-IN-MUTABLE
deploy/systemd/crosery-nginx-policy-sync.path	792ff4251b7bc5cad1b7d6b297b8b9002dd9f3023454d4babd5945c7426cb918	792ff4251b7bc5cad1b7d6b297b8b9002dd9f3023454d4babd5945c7426cb918	n/a	identical
deploy/systemd/crosery-nginx-policy-sync.service	3903d040cdaee452ea995a34ef1cc1a7d26c7161597a511bc9954f5c35e9afcd	3903d040cdaee452ea995a34ef1cc1a7d26c7161597a511bc9954f5c35e9afcd	n/a	identical
docs.html	454ac019dee8c1b28a81e41de4447f3efdec1825c3e4a480a909a70c3fb56533	454ac019dee8c1b28a81e41de4447f3efdec1825c3e4a480a909a70c3fb56533	n/a	identical
docs/Crosery-API-Console-管理员使用说明.docx	825115ae1a01f90946cb7a9e3ce8e12f990e5412c3b5916841a6a8307dd67932	825115ae1a01f90946cb7a9e3ce8e12f990e5412c3b5916841a6a8307dd67932	yes	identical
index.html	cbaebd60a21b9086e731bfb072107af47e3f8cef412c28f53764a9ea9cc2f60a	cbaebd60a21b9086e731bfb072107af47e3f8cef412c28f53764a9ea9cc2f60a	yes	identical
package-lock.json	b73219fb90897f50188d09c4056352cbc85746c17998247c30dad04e0a8e00b4	ff7c7f87525c92d24e3a65ba92f2767116b56b2b6625365a0db0295351fabf52	no	STALE-VS-RELEASE
package.json	08f5859dc1cf44b85643ea7314c1202f1fa4a45afc1b801892c4ceeb28813c7c	7daf307f5b4b7a09753f9fc561deaa25f3d0073396c55a7837a7441d1ad9c403	no	STALE-VS-RELEASE
packages/contracts/contracts.test.ts	-	d3a53cf5f454923498659b15aac692e7b0a9b1d4ee40ebcf46bb6402eb7d8ec7	yes	MISSING-IN-MUTABLE
packages/contracts/index.ts	-	b30c66606c9520ae5fda21b4f0f43daf6ac66c80055fe853715cb758c73986a7	yes	MISSING-IN-MUTABLE
packages/contracts/package.json	-	e339e104c55467fadfe98ebea642139236e36a24ca254208e17db0582b7e48e2	yes	MISSING-IN-MUTABLE
packages/contracts/tsconfig.json	-	b145dbd6a2f97db4fe310d0ca28999f9e50aaaf0c95cc942814db081bfec19b2	yes	MISSING-IN-MUTABLE
public/apple-touch-icon.png	d5201d41a17c8db9bcb0e195ea6470a861b5c847686404051ea85de7a6c6d9cd	d5201d41a17c8db9bcb0e195ea6470a861b5c847686404051ea85de7a6c6d9cd	yes	identical
public/console-icon-source.png	32e68e88905956041287bf17a465f1575734e45778c5fa9f7c18edff5e893589	32e68e88905956041287bf17a465f1575734e45778c5fa9f7c18edff5e893589	yes	identical
public/favicon.ico	828ea816e4cd582ad293a5384d8aff2c124e8fae128eb8ec33e04fb2048648a2	828ea816e4cd582ad293a5384d8aff2c124e8fae128eb8ec33e04fb2048648a2	yes	identical
public/favicon.svg	61bc9a161de58248288e6905425d7180f0624c2865007b97d763fdac12043a66	61bc9a161de58248288e6905425d7180f0624c2865007b97d763fdac12043a66	yes	identical
public/icon-192.png	0a4cf1cb0d81e0e99ab1f8ceb157814bc42a32506f551ec27fa5c1f5749793ef	0a4cf1cb0d81e0e99ab1f8ceb157814bc42a32506f551ec27fa5c1f5749793ef	yes	identical
public/icon-512.png	781447e15db3e72d33a67eb03d3e075544723d0020aae2d7b844de65ec588022	781447e15db3e72d33a67eb03d3e075544723d0020aae2d7b844de65ec588022	yes	identical
public/icons.svg	b45fa506195cfcdef406ba9f0c77b36ddc1a7c224040926ec70abc2fdea7b93a	b45fa506195cfcdef406ba9f0c77b36ddc1a7c224040926ec70abc2fdea7b93a	yes	identical
rotate_key.mjs	c1505cb21161fab282dac1e62591f8586b68212a5df8685c94feea621d89833c	-	n/a	MUTABLE-ONLY
scripts/backfill-cost.mjs	-	7fb53821c2bc400b4c71b6f086c45e2c80b63c514bb575077ba40cf53b1b385e	yes	MISSING-IN-MUTABLE
scripts/backfill-data-plane.mjs	-	bb9d9737ec55c0e7cd5e6f27bc7b25c086ac4605bc969c1ef95c732ef354c64c	yes	MISSING-IN-MUTABLE
scripts/backfill-data-plane.test.mjs	-	25d660fa1f067d21a6aeaa9ee5d9fe65e9455b67df188ed29a282c0f1386a2df	yes	MISSING-IN-MUTABLE
scripts/benchmark-api.mjs	-	8a97ea0f09b33ae672702fbc054241cc8a65a3d812f038ebb8aac3052d227d5c	yes	MISSING-IN-MUTABLE
scripts/build-pricing.mjs	88a3353222eb0c93d268af9c283302215e5e4dd777233359634e08b8aff8c96d	5d24eadfe8fcf2baf0b98453cf59b0bc8908e80d1b29a78bbbfb56880a58ff6b	n/a	STALE-VS-RELEASE
scripts/check-bundle-budget.mjs	-	420a2ebdd5e99474a919b883c2ae5e1d07578a455d0dd490775629d2ad382cce	yes	MISSING-IN-MUTABLE
server/accountQuota.test.ts	327168a20092d084a99c539519f91c505754b19d197b8334b2279ba4f15e7f17	49bcb5a530ea9b50396c561a326b3e68a84c80dc394ddc70e8c238c01710c23a	n/a	STALE-VS-RELEASE
server/accountQuota.ts	6d917f63eca5590095721b6fc0041cac7fc29d40ca5b5269082036cb4286691e	73532b3c51123dcb4c6c2fc50556aeb88e728d1c7b91403246b99daa17d3898a	n/a	STALE-VS-RELEASE
server/analyticsNavigationFallback.test.ts	afe525d99a1cf8e5fb3a941b650bd0b7f3b380a8ae7b7b06a76b14ec36190226	411e8a529b0d2daedf002cc5096215df20ac438d3a10fca9af5b29de9b57ce89	n/a	STALE-VS-RELEASE
server/antigravityQuota.test.ts	-	0162edd7827a86ba83f9c334347299285dea3f981b6f9f0434120a4d26823105	yes	MISSING-IN-MUTABLE
server/antigravityQuota.ts	-	6cafbc02a1b0b970a34bd8e56fa0e6bf7dfd005b23a02b3c0cbceeae303ff4da	yes	MISSING-IN-MUTABLE
server/auth.test.ts	cc52c9f602fb2f1d1cb2225c5c91f2ac1977f5c42378e967db85ccc27888dc81	cc52c9f602fb2f1d1cb2225c5c91f2ac1977f5c42378e967db85ccc27888dc81	yes	identical
server/auth.ts	3f7f0a2a00cc1319c3e862c98b58f6b1567ba44078cabcda65cbc7eadee3ce90	3f7f0a2a00cc1319c3e862c98b58f6b1567ba44078cabcda65cbc7eadee3ce90	yes	identical
server/cacheAnalytics.test.ts	556b3ff49ffdf2383de56fa5453064974770088ec7fbc6d661211cb712a35c87	556b3ff49ffdf2383de56fa5453064974770088ec7fbc6d661211cb712a35c87	n/a	identical
server/cacheAnalytics.ts	3eb68da1947e4e376da787dbd36e65bd6865be4a499792c1e028d2ce86d50177	ab8febcfb26eb3c2985e789bb9fb82c8b7c37a5efbe70ecf96f08f65397898e5	n/a	STALE-VS-RELEASE
server/cacheLiveHistory.test.ts	-	5ab8f7f638ab09d97c77bb5c718dafe298b9b63495a5dbd570383d886724e74e	yes	MISSING-IN-MUTABLE
server/cacheLiveHistory.ts	-	4bf4370817b810d8892964504cf5acd6c67e19a4c029db937882fc62508c9bdc	yes	MISSING-IN-MUTABLE
server/cacheStats.test.ts	62f2ce8f3591a470039a7e4f441681cfa4fea779f05a05ef28233545710f6d66	b56f7106b7b2eeec4935c1fcd0139711248877f26318cb03fb23c8c623afed7a	n/a	STALE-VS-RELEASE
server/cacheStats.ts	d0b17fe592cad98e6755ca7c3ddfca10ed2f56a76b0d7f6dd19a8d88c21afb6b	8840b20be1ac0be4c2d08accb6acb548089b72c418623606fddf29bdbce6d313	n/a	STALE-VS-RELEASE
server/cacheTrend.test.ts	1ff9f1ae8be89a00c5f53affb2237a5faf1e1e8bb4da4d30476fd18c03ce1bd1	bf1022730d8d43c99e892e1f07d18adbc15f318ae0061c003f15db2d94a36dd8	n/a	STALE-VS-RELEASE
server/cacheTrend.ts	a41ca78341020adb955b63971b313d229e7d2913a9177f94f32cb1723bef84fa	b983c3e5a4271e2fb0b952fd5d7c505e2e780b5ee0b0e0a5aff547e80549c534	n/a	STALE-VS-RELEASE
server/channelDiscovery.test.ts	9d27632bdd37f6fa211ce3e1b82c3db18b628025fe4fca93c32a389f4e8fb46c	9d27632bdd37f6fa211ce3e1b82c3db18b628025fe4fca93c32a389f4e8fb46c	n/a	identical
server/channelDiscovery.ts	a34a33780080f420e9f49d31a93dfb77cafb3e1855bee369f66a223931d13881	a34a33780080f420e9f49d31a93dfb77cafb3e1855bee369f66a223931d13881	n/a	identical
server/channelView.test.ts	c92163cf69a1ed2bae7a54c48d871fb3e364e32a66450cf82b904993c6242f25	c92163cf69a1ed2bae7a54c48d871fb3e364e32a66450cf82b904993c6242f25	n/a	identical
server/channelView.ts	08378191ed1f0080bef2b56dca7451976fd8b24dda426b8d2c2b26ddd49a292c	08378191ed1f0080bef2b56dca7451976fd8b24dda426b8d2c2b26ddd49a292c	n/a	identical
server/channels.ts	3c00116a346ad23799afa5f72a69a90a4b4f71e4168bd40432eb819a2543069f	80df0acd7cf851498b3690528d83fcc457fd73c2b768c8a46127ef7216888e2f	n/a	STALE-VS-RELEASE
server/claudeQuotaCache.test.ts	e7e06626cf628112b0eb4455e164b90a5478f33e2934db51e2afe6dc37c9b68c	8946efb08b6f4d7f95a9a56944fbaae5d46e047d59e7c18f51a1a0099736c371	n/a	STALE-VS-RELEASE
server/claudeQuotaCache.ts	31a33d505f197692bd5717f24198abe050cbecd6fbbc0ca60469af164f50cfe2	ae69b7a0fb67cf3a234f346ecbaeb9302c93489a8f7c7e7000c34f980295a9d6	n/a	STALE-VS-RELEASE
server/clientAgent.test.ts	34f6e875cfdade3be996aed7ed7c3ba90db448649dc17c687ba9d3a5d9e37ba3	1af7aa6355a5a80bc063196a099fe6a8c7716804d5410a989dc0e495112f7ac5	n/a	STALE-VS-RELEASE
server/clientAgent.ts	dd281894f1c644b6fa7b07f1e53c24df6023ac0d0db69279b2f9b7155326b105	a21dca71702505c49e2b4699ef3cf4728e99aa7a954e2f7102500187cb622967	n/a	STALE-VS-RELEASE
server/codexAccount.test.ts	ed4b7d52164089ab541d4655a31c4435a7b6848b3104f288953d444c4492a3f9	ed4b7d52164089ab541d4655a31c4435a7b6848b3104f288953d444c4492a3f9	n/a	identical
server/codexAccount.ts	03bca397cee43c42c5e9525ce9667df99464307035f66d258bb393f7589c35d2	03bca397cee43c42c5e9525ce9667df99464307035f66d258bb393f7589c35d2	n/a	identical
server/config.test.ts	8f35fb3e90c6eafd29160a1c540e45a363058b81932c8ee7306ce06b8d8f9ce5	a9c6ec17df91762e1a05f43688e35b3c878da27f64c26a152e08730a37d98704	n/a	STALE-VS-RELEASE
server/config.ts	9d3e5999a748c7e3a00ad1f5395e041f62d949c2ef2928839dacadcf9922e478	77cdbf772bcaed66868d762a4cdc4c52dec3bcccd4a217e6aa365bd80f92b774	no	STALE-VS-RELEASE
server/cooldownClear.test.ts	-	cb60cff75b395c4cbc0bd1027626161988574557ee6a635b01c2c6362b1cb671	yes	MISSING-IN-MUTABLE
server/cpa.test.ts	34618fc17b8f824874f16e8f896401ff04e9936bee1f1b77c7ff3b398ab4153a	c6f250985591a61c92ac4c77095a781e060833019aed2992e0fe2e4b35f517bf	n/a	STALE-VS-RELEASE
server/cpa.ts	f9ebc7901b867b9f5579de5ba2be24bcd09f9b3b37ae264213fe8991bc038c7a	bd97f7ed622794053ca94135a8b19bcd16da4b6bd29416db140b93155f9eabeb	yes	STALE-VS-RELEASE
server/credentialUpload.test.ts	835eb3c2ce12c39b9e65f765456aae73a5aea18a55a731e0d5478c7cbb97829f	27d1ea80de2b66db41e575d1c13e644cec0bb5231437f8990c4d1f9ab5362711	n/a	STALE-VS-RELEASE
server/credentialUpload.ts	e2e704077db811e3a657c782c1f87e42acf8b4cad5bd02b00463a47406a870d4	5c9b74b060eb79878ed67d4f237bae6231b8fb8475487ec80ae37d9ad7e3a35c	n/a	STALE-VS-RELEASE
server/credentialUploadBatch.test.ts	7183e5a08cddbca7482afdc2fe9aeaeb73d891c652206a7849e7bdc880f4e98a	7183e5a08cddbca7482afdc2fe9aeaeb73d891c652206a7849e7bdc880f4e98a	n/a	identical
server/credentialUploadBatch.ts	06828e245f6db2229e6447ccee0c67e9350648b472bc095f2df97d729a3a3617	06828e245f6db2229e6447ccee0c67e9350648b472bc095f2df97d729a3a3617	n/a	identical
server/credentialUploadMerge.test.ts	8537bba575bfa83f7ef4906d25a07fd12f147fe9364d945cf1323a9dab205904	8537bba575bfa83f7ef4906d25a07fd12f147fe9364d945cf1323a9dab205904	n/a	identical
server/credentialUploadMerge.ts	88d7b75c73c2d88f3fcc4c7317c251ccf8af0a180e5243e5beb3c363df1ca087	88d7b75c73c2d88f3fcc4c7317c251ccf8af0a180e5243e5beb3c363df1ca087	n/a	identical
server/credentials.test.ts	b0f151c41f458bc7cc014fd96ae46df4fdd32b5821cfd0179092bcbf0670cac3	b0f151c41f458bc7cc014fd96ae46df4fdd32b5821cfd0179092bcbf0670cac3	n/a	identical
server/credentials.ts	0c9aa582b7159a34d74e2b24f9eb5fa5efbf5dd80c7dae966da02467d9957530	0c9aa582b7159a34d74e2b24f9eb5fa5efbf5dd80c7dae966da02467d9957530	n/a	identical
server/currentChannels.test.ts	7ed4cb7b11967b837d26fba9a928da884ddae2490f37c631afb3dcdb4199f9f9	7ed4cb7b11967b837d26fba9a928da884ddae2490f37c631afb3dcdb4199f9f9	n/a	identical
server/currentChannels.ts	0b5144a8a75c35826aec5b39efc5b9a236cbb27ce0fccde629d87423d644c6dd	0b5144a8a75c35826aec5b39efc5b9a236cbb27ce0fccde629d87423d644c6dd	n/a	identical
server/dashboardSnapshot.test.ts	-	7bffc75d20697c4d4a45c368d52158b57e2e0f2c5f8cdb1744ceb7c225cb04b8	yes	MISSING-IN-MUTABLE
server/dashboardSnapshot.ts	-	7984158b99ca12a1fad183c03c1258ac82875146fb21a5080f381be0752e17b3	yes	MISSING-IN-MUTABLE
server/dataPlane.test.ts	-	cf6afcb41f05563669459c2fe2838b4291df7131213e7bdf2ff235861012269f	yes	MISSING-IN-MUTABLE
server/dataPlane.ts	-	995e3b667cd37e8db0c66cb701644bead7812299dc2d15a46ef236f346911851	yes	MISSING-IN-MUTABLE
server/db.ts	e50fa6b4777f431b95741fc0760157705a5f3c9ed17dcda0b42a7501c2fcb163	e2dd87e441702b41dd9e0227d8fa8a60e5e6863e8e2525ca9994a7cdc4161ef4	no	STALE-VS-RELEASE
server/gatewayStatus.test.ts	-	b92fd0198f58270cedad692faa7c9bf3ab518cb122fe1a95263acacd2cd1dbb1	yes	MISSING-IN-MUTABLE
server/groups.test.ts	0e4e9717f4788593fd396d85599b4af5d2146fde42a82244b147b1d49385ac5c	0e4e9717f4788593fd396d85599b4af5d2146fde42a82244b147b1d49385ac5c	n/a	identical
server/groups.ts	31b0fba921f552cefa4825b0b3d90ac02b758d23a04e3480c5dd2998f2a40f96	31b0fba921f552cefa4825b0b3d90ac02b758d23a04e3480c5dd2998f2a40f96	n/a	identical
server/index.ts	7bfd6e01f23425eeb7ce3e7317e1e9526dcd9ec5ea44fdf4f9dca03bb9b68f90	6d070bcde589beb514da5a82f63305a83cd6c88a6eb9c7b08f1fa648bdf55425	yes	STALE-VS-RELEASE
server/keyChannelAccess.test.ts	-	1aa76dd9ebc6d235555fca0fe9c92abe9157de279bd51d1a3ef4476e37c1723c	yes	MISSING-IN-MUTABLE
server/keyChannelAccess.ts	-	e13a1c640b01ee9eec90ef1af8367b49dc22301471d012449b296a3e952aa6c4	yes	MISSING-IN-MUTABLE
server/keyModelAccess.test.ts	3e020dd321299c4c436f5231b3729a2ae3aef5cc9754ea0962b8b81a7f60392f	d67f09a24f728fc6572c3cd092e54afd2de16f268471147657bd64d2dfb3d614	n/a	STALE-VS-RELEASE
server/keyModelAccess.ts	ec50cc962bea81f0b938f1416bd6dbe7f3c85940c7d7ac78632afb6d6a6fb0ad	a1b08bce500000c551de46bc94d4cfa1ad442cc7b830c1b44ca380a78467ac8a	n/a	STALE-VS-RELEASE
server/keyNaming.test.ts	5acfec7d95c80675a9907fb1e4804f1c046daf88900452c208ace8ca382df28d	5acfec7d95c80675a9907fb1e4804f1c046daf88900452c208ace8ca382df28d	no	identical
server/keyNaming.ts	5a321e480e46b45d7ed59f193c7c582ff803997c2280a9eb3c5bafe264f1b2be	5a321e480e46b45d7ed59f193c7c582ff803997c2280a9eb3c5bafe264f1b2be	no	identical
server/keyPoolReconcile.test.ts	-	4b3d3487a6df8def943890a5c8afe467734e08a9b7929f9d2e917cccf8aa9150	yes	MISSING-IN-MUTABLE
server/keySecrets.test.ts	9b9e12beb8dc0ecdebd82a98e6dc5db537308550de101a1abc7f0b18712b904e	9b9e12beb8dc0ecdebd82a98e6dc5db537308550de101a1abc7f0b18712b904e	yes	identical
server/keySecrets.ts	cce4bdd8eff3c316dfa93fcdf9a615052fea19b59dd4e6ba79a144172e8272c7	cce4bdd8eff3c316dfa93fcdf9a615052fea19b59dd4e6ba79a144172e8272c7	yes	identical
server/liveStream.test.ts	b89539a789d8f5be0de0fb924c6df1a75aa8157815435ed2a3ca76e54295f773	d96bf9c640a07a53dddd858de51fd684c78b00b62904b9816a2fbb1c8f526414	n/a	STALE-VS-RELEASE
server/liveStream.ts	e05e034f46d030030b50de0a0152b0fba054dfdbea48571ea380d3f6f9b0bd58	b6fdfe65aec413626fb8a2d7c088fc8206e8647416f488b38ff5782432b0a688	n/a	STALE-VS-RELEASE
server/managementCapability.ts	091cf1bf71fac007cc28891bc435a31acce67671d193b8947112ec7d0485d133	091cf1bf71fac007cc28891bc435a31acce67671d193b8947112ec7d0485d133	n/a	identical
server/managementDegrade.test.ts	961ef8e1a16d62c277aefd9def038290c4d5f2d2a325b04f1eb65f6cd768b4c8	7892c9f5f2569e7a83353c51cbe024ac2d423709918436d3b7be45d399c3c6f6	n/a	STALE-VS-RELEASE
server/modelCatalog.test.ts	-	e812f06e631b78cc70fd80ba1ff1fbf7917b47ef995108e0b206179b91fcec4a	yes	MISSING-IN-MUTABLE
server/modelCatalog.ts	-	d4f87beca5437777d34c6c897f2d73fa18b7a0b43cfd54f3b30d2500b5812ee3	yes	MISSING-IN-MUTABLE
server/modelIdentity.ts	212977c1676ac8933e3043154ec79c3536fd2c7f5b08980a0ec44519b3d88192	212977c1676ac8933e3043154ec79c3536fd2c7f5b08980a0ec44519b3d88192	n/a	identical
server/modelIndex.test.ts	afa81fcfb022f9c642296e51ef4e3fe2c813f4ab69b1d5b892503d9d91fb810b	b64d4f9d34828f3ff4280541f36910c4cb09d34e151078b3f49c834b43dbd805	n/a	STALE-VS-RELEASE
server/modelIndex.ts	108e0e0455b6c338b6f43886bc5539d8021724c63bd28fdb15fbca91c9880270	47716f08d79d3ffcffcadc49ba87412820dc9fe9bd56f3d219eb85970665c631	n/a	STALE-VS-RELEASE
server/monitorQuotaShare.test.ts	-	f6dbb518fd1933cb348e3809f70793e44c026e87685f2604db6236feaa7cc640	yes	MISSING-IN-MUTABLE
server/monitorQuotaShare.ts	-	8cbae44d73923090d035325b69845165db91f69f0c54395624a650c9df231434	yes	MISSING-IN-MUTABLE
server/multipartUpload.test.ts	ac50f59b8abfd72265174d35ae458b264b7bc450604627993b72da9cf049313e	ac50f59b8abfd72265174d35ae458b264b7bc450604627993b72da9cf049313e	n/a	identical
server/multipartUpload.ts	3e312a51211c3d6c27dcfac7795dbd0698df60fdf43b3b68d2426e7a89f5f216	3e312a51211c3d6c27dcfac7795dbd0698df60fdf43b3b68d2426e7a89f5f216	n/a	identical
server/nativeResponses.ts	-	06069d3d739939166ff1d6c8adbbef5fd92e30907f05f246a37fd23f215912f6	yes	MISSING-IN-MUTABLE
server/nginxCompression.test.ts	-	2a8fc01e6c4b437bdb6dbf1b2ec94d7252e82e2766ab8e853ba7dfe39320d106	yes	MISSING-IN-MUTABLE
server/nginxUnlimitedApply.test.ts	6e276cd65bf486341454a6e435d86fe53627fd7992ec4159fa1326da3195b0a7	6e276cd65bf486341454a6e435d86fe53627fd7992ec4159fa1326da3195b0a7	n/a	identical
server/nginxUnlimitedApply.ts	8ebf7959fa7f17bece7e876c84cd133a6c3fb6e9246625f790a6f32308ceb66f	8ebf7959fa7f17bece7e876c84cd133a6c3fb6e9246625f790a6f32308ceb66f	n/a	identical
server/nginxUnlimitedApplyCli.ts	3d28e5ce46d7b773ffea184e296e7f829002b5f115c2cea860fbd18b81b93d02	3d28e5ce46d7b773ffea184e296e7f829002b5f115c2cea860fbd18b81b93d02	n/a	identical
server/nginxUnlimitedDeploy.test.ts	28748863e117077d0c4c34d076222e503515dbbd72999ee4f4e066981ce81b3e	28748863e117077d0c4c34d076222e503515dbbd72999ee4f4e066981ce81b3e	n/a	identical
server/nginxUnlimitedPolicy.test.ts	32952c946ea936adfaa3ee07e4d77c165ab8944dec4a971106e1ab20415928a6	32952c946ea936adfaa3ee07e4d77c165ab8944dec4a971106e1ab20415928a6	n/a	identical
server/nginxUnlimitedPolicy.ts	47336a5479a3b422bd3c2e6c04d0500c960b8b828b32f9d9e560538347f80dc3	47336a5479a3b422bd3c2e6c04d0500c960b8b828b32f9d9e560538347f80dc3	n/a	identical
server/nginxUnlimitedReconciler.test.ts	325ddc6eb30da5ce7cc822cbe6f5844727da54dd32010847c3b8896458f12c05	325ddc6eb30da5ce7cc822cbe6f5844727da54dd32010847c3b8896458f12c05	n/a	identical
server/nginxUnlimitedReconciler.ts	75688b5b827a8804bc8841bd78ddf7547bc4fa38fc9ac584f13e73a7098becdc	75688b5b827a8804bc8841bd78ddf7547bc4fa38fc9ac584f13e73a7098becdc	n/a	identical
server/nginxUnlimitedSync.test.ts	f40586e62ab1d8711c03e83d0f3d1a1bb2866d166dae2b0dd68becc075ab04d9	f40586e62ab1d8711c03e83d0f3d1a1bb2866d166dae2b0dd68becc075ab04d9	n/a	identical
server/nginxUnlimitedSync.ts	d34350028263ca0de213d086deb6a8ffd23e51b6c2eb93b790166f74a6531780	d34350028263ca0de213d086deb6a8ffd23e51b6c2eb93b790166f74a6531780	n/a	identical
server/oauthAndVersion.test.ts	-	fb79e45f3f044b647f3f1e7829c17fad7990940e8c29f7afdad2c9c5ee706f97	yes	MISSING-IN-MUTABLE
server/oauthGroupResilience.test.ts	e9e67abf2cc31627cd5aea2a175709a1c0adeb51205dd8c20f13109db3f814d2	e9e67abf2cc31627cd5aea2a175709a1c0adeb51205dd8c20f13109db3f814d2	n/a	identical
server/pageMotionVisibility.test.ts	4655833b1deeb9ca8ac84bef978d45693114f2c69c94453686a865b41f72bd8e	4655833b1deeb9ca8ac84bef978d45693114f2c69c94453686a865b41f72bd8e	n/a	identical
server/policy.test.ts	2f0e7562dc0f18640d0b9efc607f6584daa87b379c919a1524929c6ab5edc14b	2f0e7562dc0f18640d0b9efc607f6584daa87b379c919a1524929c6ab5edc14b	yes	identical
server/policy.ts	ae1d1dc5bebe3f4453aab4e887a63672911cec9451f390ed7339fa495bb8b4af	ae1d1dc5bebe3f4453aab4e887a63672911cec9451f390ed7339fa495bb8b4af	yes	identical
server/pricing.data.json	140b0a313effab0b2723e64111c4169bd8273d24794a34d84dfe84a86f2e0e32	db0f549fce0af2ecf19f919d77fb3be655f3e5f2ba47b888ea942b2d04449039	n/a	STALE-VS-RELEASE
server/pricing.test.ts	1249ff3e94d3819219b78eda9e9b4877a6ef9a578cfcb763daaf381329b2769b	56ec72bfe18cf67f6ed5512efe5754f8747b45202c815ab207e8969e1ab2cd5f	n/a	STALE-VS-RELEASE
server/pricing.ts	230297bcb3c69dd3af98af80c6e78b5be20b8faa99a4d8728b9e4f835467154b	d536e2ec29fde0d8b82938e3ad208a50da3f321b076f77ce80ea3070d504f93b	n/a	STALE-VS-RELEASE
server/proxyPresets.test.ts	454684c3282ae3b7f8ce6e5cb97a60e08555f12aec0c123b668f04fba40f5c26	9b901a93a6832c47ef5338fa9721880bb275853a4e5d19f362b65b19670f9171	n/a	STALE-VS-RELEASE
server/proxyPresets.ts	4025a393449ab532703f1c10d44d00ddd0b3576361f4f8057e91340b587b2f5b	4025a393449ab532703f1c10d44d00ddd0b3576361f4f8057e91340b587b2f5b	n/a	identical
server/publicUsage.test.ts	722d9c70ee6a5d0ff6b69c122e974cb36fa9f1468aed0a54a3c2ceb84d6d4ad7	722d9c70ee6a5d0ff6b69c122e974cb36fa9f1468aed0a54a3c2ceb84d6d4ad7	n/a	identical
server/publicUsage.ts	d168ce619aaf5314c09da5d6f011b3bb47f6dbb74e4706f8ae3e3a9308ec77be	d168ce619aaf5314c09da5d6f011b3bb47f6dbb74e4706f8ae3e3a9308ec77be	n/a	identical
server/quota.test.ts	0feee4862bdc2f32c7fd1e4cfdbd2df3a8540334fb3914b192331e920469126d	0feee4862bdc2f32c7fd1e4cfdbd2df3a8540334fb3914b192331e920469126d	n/a	identical
server/quota.ts	514aad91d2d0fa8963ac80e7f52cf5e1e897bd7b094ef4201bce0073b07bd7ef	a1f43f2d9ccb47b48cdaa09569ee2d808811f203a37e17c640a920790e11a380	n/a	STALE-VS-RELEASE
server/quotaEnforcer.ts	574569e03a1bbe6cd1dedd016f10ceb03044d09e8230b1b63078f909949121c6	312b8a55e9e37ec271342075b845d62328d24b918c6c7a999a762176aa78a1c3	n/a	STALE-VS-RELEASE
server/quotaLedger.test.ts	9d6823bccbfe256c81a9c05c0500ed96634e62ebe1b79849d4d59c8a26e1fef9	90af559b1b56a2c461f402029cb140eb5dedc40b7419b872a24a0523e3a55451	n/a	STALE-VS-RELEASE
server/quotaLedger.ts	b1f204f865e1e456b5d699588150d4373dba99ce6af92d548a4218bf616bf845	eadeb292f475c7fdced1e2d887a0e2e4773f449b5f28a092ef2f3a106d84acc5	n/a	STALE-VS-RELEASE
server/reportPageFrontend.test.ts	-	a373e24e9fe7dd55552d7b77f0be61564704dd65fb2cd72c048cd1dfe0584531	yes	MISSING-IN-MUTABLE
server/reportPageLoads.test.ts	-	5cd24591dd6919ce0106fa881d5b177b72d56b3e1d55a3cb229e46cdb9d2154a	yes	MISSING-IN-MUTABLE
server/reportRouteWiring.test.ts	-	503682fc2362b2c15d0107767ec05c583630342577cc8af2269d88144c2a45fc	yes	MISSING-IN-MUTABLE
server/reportSnapshotCache.test.ts	-	2b8601caf4d510e5873d24d9a2809a4bca914a125668aa1803777c205016fb70	yes	MISSING-IN-MUTABLE
server/reportSnapshotCache.ts	-	62ae986b65b90ab335baa2f7d5c5d3ff7d257ee77fad5fa2aa9cb614e1ad0cb0	yes	MISSING-IN-MUTABLE
server/reportingGroups.test.ts	-	b646da46af40ec4263730b5a940db45278553bb1a0aa5b0033caa564fc16aa1f	yes	MISSING-IN-MUTABLE
server/reportingGroups.ts	-	6ddce90549b099b5721ced5e58300b747bf914c5fdaa5f895c7904f2a4bac511	yes	MISSING-IN-MUTABLE
server/requestCoordinator.test.ts	6520824e1f88373fd9a0a4fe7c5c6b63658f5351877cdb377a63370d38eb0514	4e5907ac058b3223adebd31d95c1cd63f6c0f4080fae293fe694494b4594a3cd	n/a	STALE-VS-RELEASE
server/requestCoordinator.ts	d6730ec9861e38067e906d7d78757e52bc5e4e2436c3cd6a7e44caa8f134fa59	a94e7f670f869db5b30411a635da6eca0720e214e27e1b09cb8848f575e60fea	n/a	STALE-VS-RELEASE
server/snapshotStore.test.ts	-	0515bc404b9f062f07846605908086f583352412ed51ab1fb99d2f8d5369b292	yes	MISSING-IN-MUTABLE
server/snapshotStore.ts	-	8794e2ae485878cb8688f0e35e2655772553bf320066d803cd7d091291e78722	yes	MISSING-IN-MUTABLE
server/sqliteReadWorker.mjs	-	421cbd860570dc98777a24a5e64cdf80977f9918f23f58a0e1804c415aeaa2e4	yes	MISSING-IN-MUTABLE
server/sqliteReadWorker.test.ts	-	8cfa344861b80466946b7601e090bc6537a720d89156237fc58340acc58d2f05	yes	MISSING-IN-MUTABLE
server/sqliteReadWorker.ts	-	4eb93a14e4ba3d5946d34c2dd5fe43b32aaa8753a1b009e9fd9ba521d2a64f2e	yes	MISSING-IN-MUTABLE
server/staticEntryCaching.test.ts	687cd9fc6d54aba2d8f90c817f3ee7eeb568ac5c004d8313033193ed88a21542	687cd9fc6d54aba2d8f90c817f3ee7eeb568ac5c004d8313033193ed88a21542	n/a	identical
server/sync.ts	59799a12c74178a9166fc3732562647f651dadc7ff7901895d566f6cdceb62fc	dd5e282313ef9320be1365679ad4b793eedcc873403ab7682a11aa7d5d94b052	no	STALE-VS-RELEASE
server/syncScheduler.test.ts	-	031da32bcee017f20ac220c2cc725fcc782fd8e88284c6800381a3d84106703c	yes	MISSING-IN-MUTABLE
server/timeRange.test.ts	1b71007ee4f735fca00badeb80368450ea10912838313281682c1c53fd220eee	1b71007ee4f735fca00badeb80368450ea10912838313281682c1c53fd220eee	n/a	identical
server/timeRange.ts	4d846e10252d6476d24e8f4635a1db8e4ff65f8dec4f0af806c803833df9ef8b	4d846e10252d6476d24e8f4635a1db8e4ff65f8dec4f0af806c803833df9ef8b	n/a	identical
server/timeWindow.test.ts	c164ba079af26cc387a44b4df3d7f808a3f335a4ec6477b666bd42329fdc1bad	c164ba079af26cc387a44b4df3d7f808a3f335a4ec6477b666bd42329fdc1bad	n/a	identical
server/tokenSql.ts	8c03cf525a0ffad11f7f1d938cf64e9c779beed6e1720f882ab0dd89713b34f7	8c03cf525a0ffad11f7f1d938cf64e9c779beed6e1720f882ab0dd89713b34f7	n/a	identical
server/uploadGate.test.ts	304d5e31686c1db51877424c329be885b39e1715ce666415eb9580cd47a9b41f	304d5e31686c1db51877424c329be885b39e1715ce666415eb9580cd47a9b41f	n/a	identical
server/uploadGate.ts	2ee7ecaa6fc17ccf77f550cb64585bda78bcffa8fb3916570bc316bb0e63f880	2ee7ecaa6fc17ccf77f550cb64585bda78bcffa8fb3916570bc316bb0e63f880	n/a	identical
server/usageBreakdown.test.ts	0332e9dcd32e7ab865337d43be49c8899dfdb18546d5952f6ecf56c14a9447cd	0332e9dcd32e7ab865337d43be49c8899dfdb18546d5952f6ecf56c14a9447cd	n/a	identical
server/usageBreakdown.ts	6c34f1ab71dfa56b0b250db7c7e6dedd6d47a4bc1f0ad0dca90c01cead69b137	3cad15fa41541ed59c8afa484ed3b3ad516d4169bf2ff50f7c361e409fa067ac	n/a	STALE-VS-RELEASE
server/usageDetails.test.ts	94379992c260d85c6adf1cfd4d072fa436dc48387f0f6b2e6aa09e6cf87f0fbd	94379992c260d85c6adf1cfd4d072fa436dc48387f0f6b2e6aa09e6cf87f0fbd	no	identical
server/usageDetails.ts	3ba1a30a070f60452f43ec6a783f6701ee7359428b8c6d50de9aa61ac6dcaa0f	c5c26ed4399eadde5ec6c493701c428ce29ffac975ab8ecd2176a6019eb68136	no	STALE-VS-RELEASE
server/usageOverview.test.ts	b08e9d86a5ca413ecee634ed2e9ac4b0c5bcc6848cfb97c4f7eb2a58f6ebf47a	b08e9d86a5ca413ecee634ed2e9ac4b0c5bcc6848cfb97c4f7eb2a58f6ebf47a	n/a	identical
server/usageOverview.ts	a1e7deb30e9f8ea1b95648692c606f492345d9af9aa04ff2b95d7f179141a518	f2110d34576031a4569c6980e7b15e89d0f439c3cabac77aaf98591bd5b0121e	n/a	STALE-VS-RELEASE
server/usageReports.ts	-	de42cd8eebc5ccdb5aa8577a04ff36c67f1a964f3b3b21aa786a3f6d62e19ca9	yes	MISSING-IN-MUTABLE
server/usageRollup.ts	-	f3daae696a072b875a23f7725f5c0517c32e406bb864656c1809e353d8da75b9	yes	MISSING-IN-MUTABLE
server/zipEntries.ts	892d79c33610e94fdec35b71e0b37ac6920b943ca6ad0d4b539ec4a9186bbb92	892d79c33610e94fdec35b71e0b37ac6920b943ca6ad0d4b539ec4a9186bbb92	n/a	identical
src/.DS_Store	5f09817e066d611fc8a6c9ee94036bdaa3228003fac3b9c28038f5bdcbceaafa	-	n/a	MUTABLE-ONLY
src/App.css	1a1737e0f2973ac1747da7a2a934ebf03085a46f53a8223fd7478d518b3e6412	8a690b2a9505ee4f3a20e974f7ca5e46301538608ffec1a1fd13324aeea4fba1	no	STALE-VS-RELEASE
src/App.tsx	3d413c0708634a13706ec124403ae0282b7d08001752e8863ee111ac2ee9da08	cf8cff86c20935a69d8fe33ddac0d5ef89c7fe4edd5678a3d80d6154e900289f	no	STALE-VS-RELEASE
src/api.ts	0976fd15133cb196f31891117d1f31487760ca0a4b96ff67193ef7735ea39f04	7e5b1b993b0e1014f6bd9c77ab702b1f113d4f5e8a0ee7fcc83c0e66d3312883	yes	STALE-VS-RELEASE
src/assets/hero.png	881ffbcaafc212e49addad08846a5b82761355fa20624253af3477ba33262c5c	881ffbcaafc212e49addad08846a5b82761355fa20624253af3477ba33262c5c	yes	identical
src/assets/react.svg	35ef61ed53b323ae94a16a8ec659b3d0af3880698791133f23b084085ab1c2e5	35ef61ed53b323ae94a16a8ec659b3d0af3880698791133f23b084085ab1c2e5	yes	identical
src/assets/vite.svg	5be21acd42eb7b896e517f4e0f0f11eb5c5d9e54fbbcebe9453f033008fcca6f	5be21acd42eb7b896e517f4e0f0f11eb5c5d9e54fbbcebe9453f033008fcca6f	yes	identical
src/channelLabels.ts	70e927dcd550e0458469096cafbf516b177d765e2b6780bce545bbfb020a8fef	70e927dcd550e0458469096cafbf516b177d765e2b6780bce545bbfb020a8fef	n/a	identical
src/chartTheme.ts	3887b8f74c5f15e6ca816a539df8fb6381ce914b1081e683c4423167693c7d84	3887b8f74c5f15e6ca816a539df8fb6381ce914b1081e683c4423167693c7d84	n/a	identical
src/clientLabels.ts	b5a35e1bd22584192343758f4cc75ce685951035da9ca986ee8ec6efd7c979c7	5a0b4697ff6d8bbb857808f7072de3639bfabb36620aac771f5e755d0875d84b	n/a	STALE-VS-RELEASE
src/components/ChannelCreateDialog.tsx	aab389c9b72de5a45c45f4c0519ca6d7db089145d15b66c2068d05bd626daae9	aab389c9b72de5a45c45f4c0519ca6d7db089145d15b66c2068d05bd626daae9	n/a	identical
src/components/ConfirmDialog.tsx	3824d2c8cbba905452b358a320a8a1bba00178d2b7e389897f9fca47dc6b2f11	3824d2c8cbba905452b358a320a8a1bba00178d2b7e389897f9fca47dc6b2f11	n/a	identical
src/components/Modal.tsx	96fea9b5a91baaa0dc5c94ac8a39113e86fdb2b6b9a4c6b3e8e2bb61ffa0f428	96fea9b5a91baaa0dc5c94ac8a39113e86fdb2b6b9a4c6b3e8e2bb61ffa0f428	yes	identical
src/components/OAuthLoginDialog.tsx	-	ff9abe9dd5ec8cd14cb2d14eb823d3982e35ec614a0e241fcfca4ee9e9f843b8	yes	MISSING-IN-MUTABLE
src/components/QuotaEditor.tsx	8c96ef473d5e50714137fbba7613cc28ffd5e0bd6a40420b7397348c277d9676	8c96ef473d5e50714137fbba7613cc28ffd5e0bd6a40420b7397348c277d9676	n/a	identical
src/components/RequestDetail.tsx	84809c95d34523d8baf6bc787d615db69cd64efb413f7f75d8e6c8d217efac1c	84809c95d34523d8baf6bc787d615db69cd64efb413f7f75d8e6c8d217efac1c	no	identical
src/components/ResultDialog.tsx	d9ef20126e1f8ae4b40cb3763a8206c361b9d77cd5bae531b5bec82cc8b87c3e	d9ef20126e1f8ae4b40cb3763a8206c361b9d77cd5bae531b5bec82cc8b87c3e	n/a	identical
src/components/Select.tsx	c403234d9930bbab0f821bd9137c2e6868f1602b97b94c80b6507c63f62e714c	c403234d9930bbab0f821bd9137c2e6868f1602b97b94c80b6507c63f62e714c	yes	identical
src/components/UsageQueryDialog.tsx	50db0f10a65bf2a3cd26cf73ed5b434b50864057a18a221ac0503fec5b57e2dd	50db0f10a65bf2a3cd26cf73ed5b434b50864057a18a221ac0503fec5b57e2dd	n/a	identical
src/components/VersionWidget.tsx	-	211d11d8d62ff0edd39ae17ca4a0d420c336691b33b2db552ddb77d5c69be5e5	yes	MISSING-IN-MUTABLE
src/docs-entry.tsx	380cd962508bf6c8a548e17a6dbaf8af9cce52ebf43da8ab5da95aa0d9789bb0	380cd962508bf6c8a548e17a6dbaf8af9cce52ebf43da8ab5da95aa0d9789bb0	n/a	identical
src/docs.css	d917fd13a5b569ccf044bbf4da8c9f261d4f2a75c087f5fcea78e51e4cb9806e	d917fd13a5b569ccf044bbf4da8c9f261d4f2a75c087f5fcea78e51e4cb9806e	n/a	identical
src/docs.tsx	d470037a1bb30171845f49218ca385b7ed13f3744fdff8aa5feceb05feb8dc46	899664168bfd683028600051ceaab6e1faa1ddad46a94750d7d5b5eaf7330c3d	n/a	STALE-VS-RELEASE
src/gatewayStatus.ts	-	a9435f81748fb3012f6292337894b0806f2578689458e15b320ae5af11f8362c	yes	MISSING-IN-MUTABLE
src/index.css	0784cc0387cb5f39fc7cca1e0d70e8e6c003b0084e5d53c1466f1fb31c39f5ed	0784cc0387cb5f39fc7cca1e0d70e8e6c003b0084e5d53c1466f1fb31c39f5ed	yes	identical
src/main.tsx	6b40cf5a819259293968e64a00e33132b518267b15ecdeb52fa0217d6d9968ab	74831db3ec773f7e0977fff554216bd5cd294b67b20968be005a3bea1d8c5324	no	STALE-VS-RELEASE
src/pages/AnalyticsPage.tsx	d23ab1b23863ea1e060fe6509dfdf62e2f943644731e8b50e57fb8f5ce5d90ff	d23ab1b23863ea1e060fe6509dfdf62e2f943644731e8b50e57fb8f5ce5d90ff	no	identical
src/pages/CachePage.tsx	844ef7df7525c40bb2de63594a6fa5fef42eabe034fc17581f37835f3d02b4c7	51763ea282c1dd39a6a72236aeac620d65c4b75041a25fa60df2a5efdaae6dda	n/a	STALE-VS-RELEASE
src/pages/ChannelsPage.tsx	14b8de8365880584d12b490405e4447da73710c59e539b4eba1b310ad11cb6b9	134d107a0ed32778fcdc9775b47a8844bd3c16924b118be52bb16bfa4796b158	n/a	STALE-VS-RELEASE
src/pages/ChartsPage.tsx	882d0b1e6dc43c54db6488dee0317df6123df1c20b6731774bd322ad947ddb48	7a37f4db0ec8e54cd7c1c97954eb8ec4736e60f65f9c4e4bf54a781c6e4e9947	n/a	STALE-VS-RELEASE
src/pages/CredentialUploadPage.tsx	ef953a23401ac3a6db61c3e5befb4d35fe6b3812cc3f8cfa005562c64963fecf	ef953a23401ac3a6db61c3e5befb4d35fe6b3812cc3f8cfa005562c64963fecf	n/a	identical
src/pages/DashboardPage.tsx	a5fe38cd790730af51a557575d36b699b0e7a2ddf75969ffcaac3aa694a656ca	9822b49060d9831e61e8c7401c2fcac0a8fe6d4ef5cf73c5b7c8f22e776e0899	no	STALE-VS-RELEASE
src/pages/HelpPage.tsx	87667d9b96910141f00f42020ea67cb3fd2569344c4227d632bdddc36d9d0ee4	a33a286da78b3a31bb623c000a063be0b1baefc733873555dfc470b249036c0e	n/a	STALE-VS-RELEASE
src/pages/KeysPage.tsx	b714d94d55e89e380212eb02697842cb6b11d64d774d1966a4cdb8eb0bedcfab	b714d94d55e89e380212eb02697842cb6b11d64d774d1966a4cdb8eb0bedcfab	no	identical
src/pages/LoginPage.tsx	8286c8e036676eb312b95fdb01662bf6f8a286f31de282e933a95673e9bd76ba	8286c8e036676eb312b95fdb01662bf6f8a286f31de282e933a95673e9bd76ba	yes	identical
src/pages/ModelsPage.tsx	36198cbaab70f81cb194129c699d4be3de5183bbc78b746540a2dacb8b55ea0b	e29c6d44a1f5ffd2bb895bf9fd6a51fa9a5e2109a60745ab6bf5160e05697387	n/a	STALE-VS-RELEASE
src/pages/MonitorPage.tsx	276225da54e50328368a00c6217eb5a166db73efff8e22b917805e3ea97c755b	024c3d55a3c23a107c9c19a8ea1d87c81a75b22817339188d6956c73e36d27b0	yes	STALE-VS-RELEASE
src/pages/OAuthPage.tsx	-	3a8ecd39fd4d2f095c8ae7102d9bea6ae51d9fe1554aa9d3d1166e66439b40a8	yes	MISSING-IN-MUTABLE
src/pages/UsagePage.tsx	501f74055b6e243a2115844a0b94ff71f1254d0c0e367902295de42f85677191	2e327c46877f82dba965d05a1560a04a9fc194c04042a3a53e448332e40ab6a0	n/a	STALE-VS-RELEASE
src/request-details.css	bdc3e0f267d2a2f176d0d3d3ea4fe330071d443df3836a4f250210ccea2f65dc	bdc3e0f267d2a2f176d0d3d3ea4fe330071d443df3836a4f250210ccea2f65dc	no	identical
src/types.ts	7b98db925905228dbe32cca2ad2fe8c52a56a6c06447e47307f6e0b4e57a82f1	94262fb670c47f6616f3329390e620bc3f1f09a20144d27c307013a2eeff4963	no	STALE-VS-RELEASE
tsconfig.app.json	8e5d12ba330e7d86409edec74b95451e0db22ee09b9426c94b5bf817571eddb0	3d972e46410867dfc6dc480524dd319feb7ef01cd4ea77ce367e93097610ad77	yes	STALE-VS-RELEASE
tsconfig.json	770b4140bbb581e2dfd9ea9946ffc9c75a1d86ba7d2db5f77c83e37cbdf9d808	91434fd9d32940ba5f1347be26f2c7ff676e7c1e203dba03e9986d71915755ff	yes	STALE-VS-RELEASE
tsconfig.node.json	d366cc0827139db39c61815f22491bbfda56c654354a42ad7795143d314e45e8	afc4620f8c23f3cd5dda3726408cf705438a054db22ccf0e09ff73eacef601ab	yes	STALE-VS-RELEASE
tsconfig.server.json	-	acc8c1aa4c9bc61e9d8fab2919c41c8f1933668b7d0926f07adcfdac5308bfa8	yes	MISSING-IN-MUTABLE
vite.config.ts	e83490611bc8ad4ebaa33784ebe4f97162bda2a27f300978fde989be04f98321	cfb852aedcaeaf7f0790bc2be6426fe4e3e288262039ad45a14ba9b37ca12ef0	no	STALE-VS-RELEASE
