da2c0e0c89575599326200cce9b17cc88d0a6cc8d7009785baa5b58e0cfd627e	./.gitignore
b4d344818a1e1bf43997e4744a9153c8eef770c98b58229cd86363dabb85ded4	./.oxlintrc.json
6a3d2558644804592c8e3441e015fc63af58efeed045935dd289e0ca9d157186	./README.md
1e06a90ee1c53a0e4321ccdbc62d7184b300680768bbd5126a019b86d2aed2de	./deploy/nginx/ai-crsery-location-snippet.conf
dcf9082308616905f7f1a9193abb6bc3c9574833c83bc8749c23512ff2025153	./deploy/nginx/crosery-console-unlimited.conf
2e89b19c745018a763e42e47a14df14fd0495833f91f6cbd44f8ddd708cee8f6	./deploy/nginx/ibuki-perip-limit.conf
792ff4251b7bc5cad1b7d6b297b8b9002dd9f3023454d4babd5945c7426cb918	./deploy/systemd/crosery-nginx-policy-sync.path
3903d040cdaee452ea995a34ef1cc1a7d26c7161597a511bc9954f5c35e9afcd	./deploy/systemd/crosery-nginx-policy-sync.service
454ac019dee8c1b28a81e41de4447f3efdec1825c3e4a480a909a70c3fb56533	./docs.html
825115ae1a01f90946cb7a9e3ce8e12f990e5412c3b5916841a6a8307dd67932	./docs/Crosery-API-Console-管理员使用说明.docx
cbaebd60a21b9086e731bfb072107af47e3f8cef412c28f53764a9ea9cc2f60a	./index.html
b73219fb90897f50188d09c4056352cbc85746c17998247c30dad04e0a8e00b4	./package-lock.json
08f5859dc1cf44b85643ea7314c1202f1fa4a45afc1b801892c4ceeb28813c7c	./package.json
d5201d41a17c8db9bcb0e195ea6470a861b5c847686404051ea85de7a6c6d9cd	./public/apple-touch-icon.png
32e68e88905956041287bf17a465f1575734e45778c5fa9f7c18edff5e893589	./public/console-icon-source.png
828ea816e4cd582ad293a5384d8aff2c124e8fae128eb8ec33e04fb2048648a2	./public/favicon.ico
61bc9a161de58248288e6905425d7180f0624c2865007b97d763fdac12043a66	./public/favicon.svg
0a4cf1cb0d81e0e99ab1f8ceb157814bc42a32506f551ec27fa5c1f5749793ef	./public/icon-192.png
781447e15db3e72d33a67eb03d3e075544723d0020aae2d7b844de65ec588022	./public/icon-512.png
b45fa506195cfcdef406ba9f0c77b36ddc1a7c224040926ec70abc2fdea7b93a	./public/icons.svg
c1505cb21161fab282dac1e62591f8586b68212a5df8685c94feea621d89833c	./rotate_key.mjs
88a3353222eb0c93d268af9c283302215e5e4dd777233359634e08b8aff8c96d	./scripts/build-pricing.mjs
327168a20092d084a99c539519f91c505754b19d197b8334b2279ba4f15e7f17	./server/accountQuota.test.ts
6d917f63eca5590095721b6fc0041cac7fc29d40ca5b5269082036cb4286691e	./server/accountQuota.ts
afe525d99a1cf8e5fb3a941b650bd0b7f3b380a8ae7b7b06a76b14ec36190226	./server/analyticsNavigationFallback.test.ts
cc52c9f602fb2f1d1cb2225c5c91f2ac1977f5c42378e967db85ccc27888dc81	./server/auth.test.ts
3f7f0a2a00cc1319c3e862c98b58f6b1567ba44078cabcda65cbc7eadee3ce90	./server/auth.ts
556b3ff49ffdf2383de56fa5453064974770088ec7fbc6d661211cb712a35c87	./server/cacheAnalytics.test.ts
3eb68da1947e4e376da787dbd36e65bd6865be4a499792c1e028d2ce86d50177	./server/cacheAnalytics.ts
62f2ce8f3591a470039a7e4f441681cfa4fea779f05a05ef28233545710f6d66	./server/cacheStats.test.ts
d0b17fe592cad98e6755ca7c3ddfca10ed2f56a76b0d7f6dd19a8d88c21afb6b	./server/cacheStats.ts
1ff9f1ae8be89a00c5f53affb2237a5faf1e1e8bb4da4d30476fd18c03ce1bd1	./server/cacheTrend.test.ts
a41ca78341020adb955b63971b313d229e7d2913a9177f94f32cb1723bef84fa	./server/cacheTrend.ts
9d27632bdd37f6fa211ce3e1b82c3db18b628025fe4fca93c32a389f4e8fb46c	./server/channelDiscovery.test.ts
a34a33780080f420e9f49d31a93dfb77cafb3e1855bee369f66a223931d13881	./server/channelDiscovery.ts
c92163cf69a1ed2bae7a54c48d871fb3e364e32a66450cf82b904993c6242f25	./server/channelView.test.ts
08378191ed1f0080bef2b56dca7451976fd8b24dda426b8d2c2b26ddd49a292c	./server/channelView.ts
3c00116a346ad23799afa5f72a69a90a4b4f71e4168bd40432eb819a2543069f	./server/channels.ts
e7e06626cf628112b0eb4455e164b90a5478f33e2934db51e2afe6dc37c9b68c	./server/claudeQuotaCache.test.ts
31a33d505f197692bd5717f24198abe050cbecd6fbbc0ca60469af164f50cfe2	./server/claudeQuotaCache.ts
34f6e875cfdade3be996aed7ed7c3ba90db448649dc17c687ba9d3a5d9e37ba3	./server/clientAgent.test.ts
dd281894f1c644b6fa7b07f1e53c24df6023ac0d0db69279b2f9b7155326b105	./server/clientAgent.ts
ed4b7d52164089ab541d4655a31c4435a7b6848b3104f288953d444c4492a3f9	./server/codexAccount.test.ts
03bca397cee43c42c5e9525ce9667df99464307035f66d258bb393f7589c35d2	./server/codexAccount.ts
8f35fb3e90c6eafd29160a1c540e45a363058b81932c8ee7306ce06b8d8f9ce5	./server/config.test.ts
9d3e5999a748c7e3a00ad1f5395e041f62d949c2ef2928839dacadcf9922e478	./server/config.ts
34618fc17b8f824874f16e8f896401ff04e9936bee1f1b77c7ff3b398ab4153a	./server/cpa.test.ts
f9ebc7901b867b9f5579de5ba2be24bcd09f9b3b37ae264213fe8991bc038c7a	./server/cpa.ts
835eb3c2ce12c39b9e65f765456aae73a5aea18a55a731e0d5478c7cbb97829f	./server/credentialUpload.test.ts
e2e704077db811e3a657c782c1f87e42acf8b4cad5bd02b00463a47406a870d4	./server/credentialUpload.ts
7183e5a08cddbca7482afdc2fe9aeaeb73d891c652206a7849e7bdc880f4e98a	./server/credentialUploadBatch.test.ts
06828e245f6db2229e6447ccee0c67e9350648b472bc095f2df97d729a3a3617	./server/credentialUploadBatch.ts
8537bba575bfa83f7ef4906d25a07fd12f147fe9364d945cf1323a9dab205904	./server/credentialUploadMerge.test.ts
88d7b75c73c2d88f3fcc4c7317c251ccf8af0a180e5243e5beb3c363df1ca087	./server/credentialUploadMerge.ts
b0f151c41f458bc7cc014fd96ae46df4fdd32b5821cfd0179092bcbf0670cac3	./server/credentials.test.ts
0c9aa582b7159a34d74e2b24f9eb5fa5efbf5dd80c7dae966da02467d9957530	./server/credentials.ts
7ed4cb7b11967b837d26fba9a928da884ddae2490f37c631afb3dcdb4199f9f9	./server/currentChannels.test.ts
0b5144a8a75c35826aec5b39efc5b9a236cbb27ce0fccde629d87423d644c6dd	./server/currentChannels.ts
e50fa6b4777f431b95741fc0760157705a5f3c9ed17dcda0b42a7501c2fcb163	./server/db.ts
0e4e9717f4788593fd396d85599b4af5d2146fde42a82244b147b1d49385ac5c	./server/groups.test.ts
31b0fba921f552cefa4825b0b3d90ac02b758d23a04e3480c5dd2998f2a40f96	./server/groups.ts
7bfd6e01f23425eeb7ce3e7317e1e9526dcd9ec5ea44fdf4f9dca03bb9b68f90	./server/index.ts
3e020dd321299c4c436f5231b3729a2ae3aef5cc9754ea0962b8b81a7f60392f	./server/keyModelAccess.test.ts
ec50cc962bea81f0b938f1416bd6dbe7f3c85940c7d7ac78632afb6d6a6fb0ad	./server/keyModelAccess.ts
5acfec7d95c80675a9907fb1e4804f1c046daf88900452c208ace8ca382df28d	./server/keyNaming.test.ts
5a321e480e46b45d7ed59f193c7c582ff803997c2280a9eb3c5bafe264f1b2be	./server/keyNaming.ts
9b9e12beb8dc0ecdebd82a98e6dc5db537308550de101a1abc7f0b18712b904e	./server/keySecrets.test.ts
cce4bdd8eff3c316dfa93fcdf9a615052fea19b59dd4e6ba79a144172e8272c7	./server/keySecrets.ts
b89539a789d8f5be0de0fb924c6df1a75aa8157815435ed2a3ca76e54295f773	./server/liveStream.test.ts
e05e034f46d030030b50de0a0152b0fba054dfdbea48571ea380d3f6f9b0bd58	./server/liveStream.ts
091cf1bf71fac007cc28891bc435a31acce67671d193b8947112ec7d0485d133	./server/managementCapability.ts
961ef8e1a16d62c277aefd9def038290c4d5f2d2a325b04f1eb65f6cd768b4c8	./server/managementDegrade.test.ts
212977c1676ac8933e3043154ec79c3536fd2c7f5b08980a0ec44519b3d88192	./server/modelIdentity.ts
afa81fcfb022f9c642296e51ef4e3fe2c813f4ab69b1d5b892503d9d91fb810b	./server/modelIndex.test.ts
108e0e0455b6c338b6f43886bc5539d8021724c63bd28fdb15fbca91c9880270	./server/modelIndex.ts
ac50f59b8abfd72265174d35ae458b264b7bc450604627993b72da9cf049313e	./server/multipartUpload.test.ts
3e312a51211c3d6c27dcfac7795dbd0698df60fdf43b3b68d2426e7a89f5f216	./server/multipartUpload.ts
6e276cd65bf486341454a6e435d86fe53627fd7992ec4159fa1326da3195b0a7	./server/nginxUnlimitedApply.test.ts
8ebf7959fa7f17bece7e876c84cd133a6c3fb6e9246625f790a6f32308ceb66f	./server/nginxUnlimitedApply.ts
3d28e5ce46d7b773ffea184e296e7f829002b5f115c2cea860fbd18b81b93d02	./server/nginxUnlimitedApplyCli.ts
28748863e117077d0c4c34d076222e503515dbbd72999ee4f4e066981ce81b3e	./server/nginxUnlimitedDeploy.test.ts
32952c946ea936adfaa3ee07e4d77c165ab8944dec4a971106e1ab20415928a6	./server/nginxUnlimitedPolicy.test.ts
47336a5479a3b422bd3c2e6c04d0500c960b8b828b32f9d9e560538347f80dc3	./server/nginxUnlimitedPolicy.ts
325ddc6eb30da5ce7cc822cbe6f5844727da54dd32010847c3b8896458f12c05	./server/nginxUnlimitedReconciler.test.ts
75688b5b827a8804bc8841bd78ddf7547bc4fa38fc9ac584f13e73a7098becdc	./server/nginxUnlimitedReconciler.ts
f40586e62ab1d8711c03e83d0f3d1a1bb2866d166dae2b0dd68becc075ab04d9	./server/nginxUnlimitedSync.test.ts
d34350028263ca0de213d086deb6a8ffd23e51b6c2eb93b790166f74a6531780	./server/nginxUnlimitedSync.ts
e9e67abf2cc31627cd5aea2a175709a1c0adeb51205dd8c20f13109db3f814d2	./server/oauthGroupResilience.test.ts
4655833b1deeb9ca8ac84bef978d45693114f2c69c94453686a865b41f72bd8e	./server/pageMotionVisibility.test.ts
2f0e7562dc0f18640d0b9efc607f6584daa87b379c919a1524929c6ab5edc14b	./server/policy.test.ts
ae1d1dc5bebe3f4453aab4e887a63672911cec9451f390ed7339fa495bb8b4af	./server/policy.ts
140b0a313effab0b2723e64111c4169bd8273d24794a34d84dfe84a86f2e0e32	./server/pricing.data.json
1249ff3e94d3819219b78eda9e9b4877a6ef9a578cfcb763daaf381329b2769b	./server/pricing.test.ts
230297bcb3c69dd3af98af80c6e78b5be20b8faa99a4d8728b9e4f835467154b	./server/pricing.ts
454684c3282ae3b7f8ce6e5cb97a60e08555f12aec0c123b668f04fba40f5c26	./server/proxyPresets.test.ts
4025a393449ab532703f1c10d44d00ddd0b3576361f4f8057e91340b587b2f5b	./server/proxyPresets.ts
722d9c70ee6a5d0ff6b69c122e974cb36fa9f1468aed0a54a3c2ceb84d6d4ad7	./server/publicUsage.test.ts
d168ce619aaf5314c09da5d6f011b3bb47f6dbb74e4706f8ae3e3a9308ec77be	./server/publicUsage.ts
0feee4862bdc2f32c7fd1e4cfdbd2df3a8540334fb3914b192331e920469126d	./server/quota.test.ts
514aad91d2d0fa8963ac80e7f52cf5e1e897bd7b094ef4201bce0073b07bd7ef	./server/quota.ts
574569e03a1bbe6cd1dedd016f10ceb03044d09e8230b1b63078f909949121c6	./server/quotaEnforcer.ts
9d6823bccbfe256c81a9c05c0500ed96634e62ebe1b79849d4d59c8a26e1fef9	./server/quotaLedger.test.ts
b1f204f865e1e456b5d699588150d4373dba99ce6af92d548a4218bf616bf845	./server/quotaLedger.ts
6520824e1f88373fd9a0a4fe7c5c6b63658f5351877cdb377a63370d38eb0514	./server/requestCoordinator.test.ts
d6730ec9861e38067e906d7d78757e52bc5e4e2436c3cd6a7e44caa8f134fa59	./server/requestCoordinator.ts
687cd9fc6d54aba2d8f90c817f3ee7eeb568ac5c004d8313033193ed88a21542	./server/staticEntryCaching.test.ts
59799a12c74178a9166fc3732562647f651dadc7ff7901895d566f6cdceb62fc	./server/sync.ts
1b71007ee4f735fca00badeb80368450ea10912838313281682c1c53fd220eee	./server/timeRange.test.ts
4d846e10252d6476d24e8f4635a1db8e4ff65f8dec4f0af806c803833df9ef8b	./server/timeRange.ts
c164ba079af26cc387a44b4df3d7f808a3f335a4ec6477b666bd42329fdc1bad	./server/timeWindow.test.ts
8c03cf525a0ffad11f7f1d938cf64e9c779beed6e1720f882ab0dd89713b34f7	./server/tokenSql.ts
304d5e31686c1db51877424c329be885b39e1715ce666415eb9580cd47a9b41f	./server/uploadGate.test.ts
2ee7ecaa6fc17ccf77f550cb64585bda78bcffa8fb3916570bc316bb0e63f880	./server/uploadGate.ts
0332e9dcd32e7ab865337d43be49c8899dfdb18546d5952f6ecf56c14a9447cd	./server/usageBreakdown.test.ts
6c34f1ab71dfa56b0b250db7c7e6dedd6d47a4bc1f0ad0dca90c01cead69b137	./server/usageBreakdown.ts
94379992c260d85c6adf1cfd4d072fa436dc48387f0f6b2e6aa09e6cf87f0fbd	./server/usageDetails.test.ts
3ba1a30a070f60452f43ec6a783f6701ee7359428b8c6d50de9aa61ac6dcaa0f	./server/usageDetails.ts
b08e9d86a5ca413ecee634ed2e9ac4b0c5bcc6848cfb97c4f7eb2a58f6ebf47a	./server/usageOverview.test.ts
a1e7deb30e9f8ea1b95648692c606f492345d9af9aa04ff2b95d7f179141a518	./server/usageOverview.ts
892d79c33610e94fdec35b71e0b37ac6920b943ca6ad0d4b539ec4a9186bbb92	./server/zipEntries.ts
5f09817e066d611fc8a6c9ee94036bdaa3228003fac3b9c28038f5bdcbceaafa	./src/.DS_Store
1a1737e0f2973ac1747da7a2a934ebf03085a46f53a8223fd7478d518b3e6412	./src/App.css
3d413c0708634a13706ec124403ae0282b7d08001752e8863ee111ac2ee9da08	./src/App.tsx
0976fd15133cb196f31891117d1f31487760ca0a4b96ff67193ef7735ea39f04	./src/api.ts
881ffbcaafc212e49addad08846a5b82761355fa20624253af3477ba33262c5c	./src/assets/hero.png
35ef61ed53b323ae94a16a8ec659b3d0af3880698791133f23b084085ab1c2e5	./src/assets/react.svg
5be21acd42eb7b896e517f4e0f0f11eb5c5d9e54fbbcebe9453f033008fcca6f	./src/assets/vite.svg
70e927dcd550e0458469096cafbf516b177d765e2b6780bce545bbfb020a8fef	./src/channelLabels.ts
3887b8f74c5f15e6ca816a539df8fb6381ce914b1081e683c4423167693c7d84	./src/chartTheme.ts
b5a35e1bd22584192343758f4cc75ce685951035da9ca986ee8ec6efd7c979c7	./src/clientLabels.ts
aab389c9b72de5a45c45f4c0519ca6d7db089145d15b66c2068d05bd626daae9	./src/components/ChannelCreateDialog.tsx
3824d2c8cbba905452b358a320a8a1bba00178d2b7e389897f9fca47dc6b2f11	./src/components/ConfirmDialog.tsx
96fea9b5a91baaa0dc5c94ac8a39113e86fdb2b6b9a4c6b3e8e2bb61ffa0f428	./src/components/Modal.tsx
8c96ef473d5e50714137fbba7613cc28ffd5e0bd6a40420b7397348c277d9676	./src/components/QuotaEditor.tsx
84809c95d34523d8baf6bc787d615db69cd64efb413f7f75d8e6c8d217efac1c	./src/components/RequestDetail.tsx
d9ef20126e1f8ae4b40cb3763a8206c361b9d77cd5bae531b5bec82cc8b87c3e	./src/components/ResultDialog.tsx
c403234d9930bbab0f821bd9137c2e6868f1602b97b94c80b6507c63f62e714c	./src/components/Select.tsx
50db0f10a65bf2a3cd26cf73ed5b434b50864057a18a221ac0503fec5b57e2dd	./src/components/UsageQueryDialog.tsx
380cd962508bf6c8a548e17a6dbaf8af9cce52ebf43da8ab5da95aa0d9789bb0	./src/docs-entry.tsx
d917fd13a5b569ccf044bbf4da8c9f261d4f2a75c087f5fcea78e51e4cb9806e	./src/docs.css
d470037a1bb30171845f49218ca385b7ed13f3744fdff8aa5feceb05feb8dc46	./src/docs.tsx
0784cc0387cb5f39fc7cca1e0d70e8e6c003b0084e5d53c1466f1fb31c39f5ed	./src/index.css
6b40cf5a819259293968e64a00e33132b518267b15ecdeb52fa0217d6d9968ab	./src/main.tsx
d23ab1b23863ea1e060fe6509dfdf62e2f943644731e8b50e57fb8f5ce5d90ff	./src/pages/AnalyticsPage.tsx
844ef7df7525c40bb2de63594a6fa5fef42eabe034fc17581f37835f3d02b4c7	./src/pages/CachePage.tsx
14b8de8365880584d12b490405e4447da73710c59e539b4eba1b310ad11cb6b9	./src/pages/ChannelsPage.tsx
882d0b1e6dc43c54db6488dee0317df6123df1c20b6731774bd322ad947ddb48	./src/pages/ChartsPage.tsx
ef953a23401ac3a6db61c3e5befb4d35fe6b3812cc3f8cfa005562c64963fecf	./src/pages/CredentialUploadPage.tsx
a5fe38cd790730af51a557575d36b699b0e7a2ddf75969ffcaac3aa694a656ca	./src/pages/DashboardPage.tsx
87667d9b96910141f00f42020ea67cb3fd2569344c4227d632bdddc36d9d0ee4	./src/pages/HelpPage.tsx
b714d94d55e89e380212eb02697842cb6b11d64d774d1966a4cdb8eb0bedcfab	./src/pages/KeysPage.tsx
8286c8e036676eb312b95fdb01662bf6f8a286f31de282e933a95673e9bd76ba	./src/pages/LoginPage.tsx
36198cbaab70f81cb194129c699d4be3de5183bbc78b746540a2dacb8b55ea0b	./src/pages/ModelsPage.tsx
276225da54e50328368a00c6217eb5a166db73efff8e22b917805e3ea97c755b	./src/pages/MonitorPage.tsx
501f74055b6e243a2115844a0b94ff71f1254d0c0e367902295de42f85677191	./src/pages/UsagePage.tsx
bdc3e0f267d2a2f176d0d3d3ea4fe330071d443df3836a4f250210ccea2f65dc	./src/request-details.css
7b98db925905228dbe32cca2ad2fe8c52a56a6c06447e47307f6e0b4e57a82f1	./src/types.ts
8e5d12ba330e7d86409edec74b95451e0db22ee09b9426c94b5bf817571eddb0	./tsconfig.app.json
770b4140bbb581e2dfd9ea9946ffc9c75a1d86ba7d2db5f77c83e37cbdf9d808	./tsconfig.json
d366cc0827139db39c61815f22491bbfda56c654354a42ad7795143d314e45e8	./tsconfig.node.json
e83490611bc8ad4ebaa33784ebe4f97162bda2a27f300978fde989be04f98321	./vite.config.ts
